date,ticker,horizon,put_call_oi_ratio,spot_vs_flip_pct
2026-09-23,SPY,day,0.901290918512177,14.548011893656716
2026-09-23,SPY,week,2.1149068723974307,-1.6058170614531884
2026-09-23,QQQ,day,11.477557686229058,6.262557304743543
2026-09-23,QQQ,week,30.401685919450514,
2026-09-24,SPY,day,1.4169849910323775,14.215900841448118
2026-09-24,SPY,week,1.972557555413749,23.463000901756047
2026-09-24,QQQ,day,2.1733377517930266,16.04917049136078
2026-09-24,QQQ,week,2.406655745133237,3.6717355425763847
2026-09-25,SPY,day,1.834896586333385,32.517235874499455
2026-09-25,SPY,week,1.834896586333385,32.517235874499455
2026-09-25,QQQ,day,2.0964812674351996,53.11665929965578
2026-09-25,QQQ,week,2.0964812674351996,53.11665929965578
2026-09-28,SPY,day,1.2398201877124562,
2026-09-28,SPY,week,1.3700486419732343,
2026-09-28,QQQ,day,1.9637909384713559,47.678857421875
2026-09-28,QQQ,week,1.9438158427876824,
2026-09-29,SPY,day,1.2019179387096024,22.100767308170038
2026-09-29,SPY,week,1.708182789774009,
2026-09-29,QQQ,day,1.9036408013830977,14.241082242696077
2026-09-29,QQQ,week,1.9570313018471408,
2026-09-30,SPY,day,2.6001537016942367,104.87999567532526
2026-09-30,SPY,week,1.5682330014389976,5.882186579386197
2026-09-30,QQQ,day,2.159068879554893,
2026-09-30,QQQ,week,1.90883727851005,22.76991290517118
2026-10-01,SPY,day,1.229665022072189,21.843203124983642
2026-10-01,SPY,week,1.5656420250067566,29.790659353993775
2026-10-01,QQQ,day,1.1200977151527745,16.321262148803175
2026-10-01,QQQ,week,1.8777236795104755,28.290574440243816
