date,ticker,horizon,label,composite,confidence,resolved,actual_direction,correct
2026-09-23,SPY,day,Neutral,0.1162464678155121,0.087,True,Down,
2026-09-23,SPY,week,Neutral,0.0913921689927446,0.046,True,Up,
2026-09-23,QQQ,day,Neutral,0.1133225937655244,0.085,True,Down,
2026-09-23,QQQ,week,Bullish,0.4084676852352193,0.204,True,Up,True
2026-09-24,SPY,day,Neutral,0.0789252280252791,0.059,True,Up,
2026-09-24,SPY,week,Bullish,0.1784092496558066,0.134,True,Down,False
2026-09-24,QQQ,day,Neutral,0.0789252280252791,0.059,True,Up,
2026-09-24,QQQ,week,Bullish,0.5541561237914719,0.416,True,Down,False
2026-09-25,SPY,day,Neutral,0.1085181061272044,0.109,True,Up,
2026-09-25,SPY,week,Bullish,0.264986509175084,0.265,False,,
2026-09-25,QQQ,day,Neutral,0.1085181061272044,0.109,True,Up,
2026-09-25,QQQ,week,Bullish,0.5854897594288047,0.585,False,,
2026-09-28,SPY,day,Neutral,0.0713068647230158,0.071,True,Down,
2026-09-28,SPY,week,Bullish,0.2034718537052222,0.081,False,,
2026-09-28,QQQ,day,Neutral,0.0713068647230158,0.071,True,Down,
2026-09-28,QQQ,week,Bullish,0.5460896214714285,0.218,False,,
2026-09-29,SPY,day,Neutral,0.0611984651338456,0.061,True,Down,
2026-09-29,SPY,week,Bullish,0.1278073549648887,0.051,False,,
2026-09-29,QQQ,day,Neutral,0.0611984651338456,0.061,True,Down,
2026-09-29,QQQ,week,Bullish,0.5353866101417188,0.214,False,,
2026-09-30,SPY,day,Neutral,0.0894121917267515,0.067,True,Down,
2026-09-30,SPY,week,Bullish,0.1555743236956697,0.062,False,,
2026-09-30,QQQ,day,Neutral,0.0879790399029925,0.066,True,Down,
2026-09-30,QQQ,week,Bullish,0.5652599677106781,0.226,False,,
2026-10-01,SPY,day,Neutral,0.07095659782230952,0.053,False,,
2026-10-01,SPY,week,Neutral,0.08068306379317809,0.04,False,,
2026-10-01,QQQ,day,Neutral,0.07095659782230952,0.053,False,,
2026-10-01,QQQ,week,Bullish,0.5113399963127895,0.256,False,,
